title,content
good,1000
good,1000
good,1000
good,1000
good,1000
good,1000
good,1000
good,1000
good,1000
good,1000
good,1000
good,1000
good,1000
good,1000
good,1000
good,1000
good,1000
good,1000
good,1000
good,1000
good,1000
good,1000
good,1000
good,1000
good,1000
good,1000
good,1000
good,1000
good,1000
good,1000
good,1000
good,1000
good,1000
good,1000
good,1000
good,1000
good,1000
good,1000
good,1000
good,1000
good,1000
good,1000
good,1000
good,1000
good,1000
good,1000
good,1000
good,1000
good,1000
good,1000
good,1000
good,1000
good,1000
good,1000
good,1000
good,1000
good,1000
good,1000
good,1000
good,1000
good,1000
good,1000
good,1000
good,1000
good,1000
good,1000
good,1000
good,1000
good,1000
good,1000
good,1000
good,1000
good,1000
good,1000
good,1000
good,1000
good,1000
good,1000
good,1000
good,1000
good,1000
good,1000
good,1000
good,1000
good,1000
good,1000
good,1000
good,1000
good,1000
good,1000
good,1000
good,1000
good,1000
good,1000
good,1000
good,1000
good,1000
good,1000
good,1000
good,1000
good,1000
good,1000
good,1000
good,1000
good,1000
good,1000
good,1000
good,1000
good,1000
good,1000
good,1000
good,1000
good,1000
good,1000
