account,password,status
cc,dd,false
cc,dd,false
cc,dd,false
cc,dd,false
cc,dd,false
cc,dd,false
cc,dd,false
cc,dd,false
cc,dd,false
cc,dd,false
cc,dd,false
cc,dd,false
cc,dd,false
cc,dd,false
cc,dd,false
cc,dd,false
cc,dd,false
cc,dd,false
cc,dd,false
cc,dd,false
cc,dd,false
cc,dd,false
cc,dd,false
cc,dd,false
cc,dd,false
cc,dd,false
cc,dd,false
cc,dd,false
cc,dd,false
cc,dd,false
cc,dd,false
cc,dd,false
cc,dd,false
cc,dd,false
cc,dd,false
cc,dd,false
cc,dd,false
cc,dd,false
cc,dd,false
cc,dd,false
cc,dd,false
cc,dd,false
cc,dd,false
cc,dd,false
cc,dd,false
cc,dd,false
cc,dd,false
cc,dd,false
cc,dd,false
cc,dd,false
cc,dd,false
cc,dd,false
cc,dd,false
cc,dd,false
cc,dd,false
cc,dd,false
cc,dd,false
cc,dd,false
cc,dd,false
cc,dd,false
cc,dd,false
cc,dd,false
cc,dd,false
cc,dd,false
cc,dd,false
cc,dd,false
cc,dd,false
cc,dd,false
cc,dd,false
cc,dd,false
cc,dd,false
cc,dd,false
cc,dd,false
cc,dd,false
cc,dd,false
cc,dd,false
cc,dd,false
cc,dd,false
cc,dd,false
cc,dd,false
cc,dd,false
cc,dd,false
cc,dd,false
cc,dd,false
cc,dd,false
cc,dd,false
cc,dd,false
cc,dd,false
cc,dd,false
cc,dd,false
cc,dd,false
cc,dd,false
cc,dd,false
cc,dd,false
cc,dd,false
cc,dd,false
cc,dd,false
cc,dd,false
cc,dd,false
cc,dd,false
cc,dd,false
cc,dd,false
cc,dd,false
cc,dd,false
cc,dd,false
cc,dd,false
cc,dd,false
cc,dd,false
cc,dd,false
cc,dd,false
cc,dd,false
cc,dd,false
cc,dd,false
